{"cameraMode":{"drawMode":0,"name":"Shaded","section":"Shading Mode"},"sceneLighting":true,"audioPlay":false,"sceneViewState":{"showFog":true,"showMaterialUpdate":false,"showSkybox":true,"showFlares":true,"showImageEffects":true,"showParticleSystems":true},"in2DMode":false,"pivot":{"x":3.9490699768066408,"y":7.190753936767578,"z":-14.601194381713868},"rotation":{"x":-0.2729048728942871,"y":-0.38783594965934756,"z":0.12137939780950546,"w":-0.8719938397407532},"size":22.0,"orthographic":false}