{"cameraMode":{"drawMode":0,"name":"Shaded","section":"Shading Mode"},"sceneLighting":false,"audioPlay":false,"sceneViewState":{"showFog":true,"showMaterialUpdate":false,"showSkybox":true,"showFlares":true,"showImageEffects":true,"showParticleSystems":true},"in2DMode":false,"pivot":{"x":5.848240375518799,"y":7.222875595092773,"z":-0.9216394424438477},"rotation":{"x":0.4139924943447113,"y":0.05946565791964531,"z":-0.02711474522948265,"w":0.9079310894012451},"size":21.0657901763916,"orthographic":false}